Юрий,Мэлорович,Егоров,hand.sister@yahoo.com,AH03FKF
Владимир,Богуславович,Никонов,aaron94@yahoo.com,AH15DBL
Федор,Филиппович,Рожков,jerome.schiller@gmail.com,AH15DUW
Азарий,Борисович,Сорокин,dmosciski@hotmail.com,AA07AMM
Никифор,Артемович,Калашников,williamson.allene@yahoo.com,AAC792H
Вилен,Кимович,Абрамов,jrice@hotmail.com,AAY452D
Бенедикт,Якунович,Шашков,martin52@gmail.com,AB01MFL
Ермак,Павлович,Бобылёв,alison74@yahoo.com,AB14GMD
Арсений,Иванович,Маслов,wbalistreri@yahoo.com,AB15UVT
Августин,Альбертович,Буров,rosalind.rippin@gmail.com,AB19NWG
Яков,Улебович,Игнатьев,sritchie@gmail.com,ABV496J
Бенедикт,Леонидович,Савин,jordon43@gmail.com,ABW940K
Кондратий,Русланович,Суворов,hauck.cesar@gmail.com,ABX857D
Карл,Улебович,Пахомов,ruben95@gmail.com,ABY761G
Иван,Сергеевич,Юдин,robel.abigale@gmail.com,AC03BXC
Панкратий,Наумович,Тетерин,kareem.mcclure@hotmail.com,AC04VYH
Вадим,Семенович,Комаров,anahi48@yahoo.com,AC08RRN
Пантелеймон,Матвеевич,Ковалёв,carmine64@yahoo.com,AC15VJX
Илларион,Анатольевич,Никифоров,medhurst.efren@yahoo.com,ACD586D
Адриан,Семенович,Крылов,tyrell24@yahoo.com,ACF678C
Арнольд,Егорович,Тетерин,rath.letha@hotmail.com,ACH210B
Аввакуум,Макарович,Суворов,dickinson.ahmed@hotmail.com,ACK119D
Гавриил,Артемович,Носов,leone78@hotmail.com,ACR989D
Пантелеймон,Тарасович,Агафонов,qspencer@gmail.com,AD03RAM
Виталий,Семёнович,Михайлов,howard12@hotmail.com,AD04RLG
Пантелеймон,Германович,Лукин,antwan.nikolaus@yahoo.com,AD05GDL
Велор,Дмитрьевич,Белоусов,smitham.shana@yahoo.com,AD07VYV
Ян,Глебович,Петров,godfrey.mante@yahoo.com,AD09KHC
Станислав,Викторович,Николаев,iwillms@hotmail.com,AD16LVH
Май,Максович,Денисов,little.tomasa@hotmail.com,ADN691F
Мечислав,Богуславович,Богданов,rashad40@gmail.com,ADV666G
Макар,Константинович,Крюков,tillman.enola@yahoo.com,ADY998J
Петр,Кириллович,Белов,stracke.alvena@yahoo.com,AE03CHR
Овидий,Владимирович,Воронцов,diamond.lubowitz@yahoo.com,AE03MUU
Аскольд,Семёнович,Костин,rocio.dickens@gmail.com,AE09JVF
Рубен,Всеволодович,Колесников,everardo.baumbach@hotmail.com,AE10BUA
Владимир,Рубенович,Игнатьев,quigley.eloy@yahoo.com,AE11BUC
Велор,Львович,Капустин,wolff.zachery@gmail.com,AEW457H
Эрнест,Петрович,Пестов,dkuphal@gmail.com,AF02NCK
Вадим,Сергеевич,Карпов,walter.haleigh@gmail.com,AF04DFE
Велор,Ростиславович,Корнилов,wblick@yahoo.com,AF06JXP
Мстислав,Созонович,Бобров,percy.weissnat@yahoo.com,AF07YEG
Велор,Михайлович,Мухин,fisher.ava@yahoo.com,AFA959K
Валерий,Авксентьевич,Петров,zconn@gmail.com,AFH963K
Витольд,Константинович,Попов,fwill@hotmail.com,AFT613E
Мечислав,Андреевич,Пестов,bartholome01@hotmail.com,AG14UTF
Эльдар,Мартынович,Белоусов,micah62@hotmail.com,AG19FVU
Всеволод,Даниилович,Беляков,eladio68@yahoo.com,AG20TLU
Мартин,Иванович,Фомин,cielo97@gmail.com,AGN305F
Руслан,Георгиевич,Михайлов,sandrine63@hotmail.com,AGT954E